id	type	value	expected
safe-relative	PATH	docs/readme.txt	ALLOW
absolute-posix	PATH	/escape.txt	REJECT
dotdot-parent	PATH	../escape.txt	REJECT
mixed-separators	PATH	docs\\..\\..\\escape.txt	REJECT
drive-like	PATH	C:\\escape.txt	REJECT
drive-relative	PATH	C:relative.txt	REJECT
symlink-entry	SYMLINK	link-outside-root	REJECT
expanded-byte-limit	EXPANSION	4097/4096	REJECT
duplicate-destination	DUPLICATE	docs/readme.txt	REJECT
truncated-entry	TRUNCATED	incomplete	REJECT
cancelled-extraction	CANCELLATION	cancel-requested	CANCELLED
nested-depth-limit	NESTING	3/2	REJECT
wrong-password	PASSWORD	wrong	REJECT
missing-multipart	MULTIPART	part-02-missing	REJECT
